model,group,measure,mean,sd
Model 1,Group 1,Hits,12.69606,8.767286950727687
Model 1,Group 2,Hits,12.68199,8.791252450015298
Model 1,Group 1,FAs,38.5489,26.190975331018127
Model 1,Group 2,FAs,38.36955,26.190451748633507
Model 2,Group 1,Hits,12.59342,8.816841424433129
Model 2,Group 2,Hits,12.7093,8.893275746877526
Model 2,Group 1,FAs,37.39969,25.905324894775976
Model 2,Group 2,FAs,37.59782,26.154984443650502
